qa_filename,original_filename
wanderlust-qa-01-home-desktop.png,Captura de pantalla 2026-09-28 a la(s) 8.15.47 p. m..png
wanderlust-qa-02-home-mobile.png,Captura de pantalla 2026-09-28 a la(s) 8.16.07 p. m..png
wanderlust-qa-03-home-tablet.png,Captura de pantalla 2026-09-28 a la(s) 8.16.25 p. m..png
wanderlust-qa-04-explorer-mobile-filters-and-results.png,Captura de pantalla 2026-09-28 a la(s) 8.17.14 p. m..png
wanderlust-qa-05-explorer-mobile-filters.png,Captura de pantalla 2026-09-28 a la(s) 8.17.20 p. m..png
wanderlust-qa-06-explorer-mobile-cards.png,Captura de pantalla 2026-09-28 a la(s) 8.17.32 p. m..png
wanderlust-qa-07-explorer-tablet-grid.png,Captura de pantalla 2026-09-28 a la(s) 8.17.40 p. m..png
wanderlust-qa-08-explorer-desktop.png,Captura de pantalla 2026-09-28 a la(s) 8.18.01 p. m..png
wanderlust-qa-09-favorites-desktop.png,Captura de pantalla 2026-09-28 a la(s) 8.18.14 p. m..png
wanderlust-qa-10-favorites-tablet.png,Captura de pantalla 2026-09-28 a la(s) 8.18.28 p. m..png
wanderlust-qa-11-favorites-mobile.png,Captura de pantalla 2026-09-28 a la(s) 8.18.41 p. m..png
wanderlust-qa-12-experience-detail-mobile.png,Captura de pantalla 2026-09-28 a la(s) 8.18.55 p. m..png
wanderlust-qa-13-experience-detail-tablet.png,Captura de pantalla 2026-09-28 a la(s) 8.19.06 p. m..png
wanderlust-qa-14-experience-detail-desktop.png,Captura de pantalla 2026-09-28 a la(s) 8.19.24 p. m..png
wanderlust-qa-15-profile-desktop.png,Captura de pantalla 2026-09-28 a la(s) 8.19.34 p. m..png
